{
    "prediction_counts": {
        "0": 22,
        "1": 17
    },
    "probability_mean": 0.44145524501800537,
    "probability_std": 0.45475852489471436,
    "probability_min": 2.44334642047761e-05,
    "probability_max": 0.9999479651451111
}